Workbook
Name vDateTime: #REF!
Name vDiastolic: #REF!
Name vHeartRate: #REF!
Name vSystolic: #REF!

Sheet Stats (Pivot table)
A2: Statistical measure | C2: Standard deviation | F2: Mean | G2: Median | H2: Coefficient of variation | I2: Range
A3: Month | B3: 5K Runs | C3: Pace Consistency (s) | D3: Slowest pace | E3: Fastest pace | F3: Average pace (min/km) | G3: Median pace | H3: Relative Pace Consistency | I3: Pace spread
A4: November | B4: 26 | C4: 0.00031669099 | D4: 0.0049537037 | E4: 0.0037268519 | F4: 0.0039899395 | G4: {=MEDIAN(_xlfn._xlws.FILTER(PSN!I:I, PSN!F:F=A4))} -> 0.0038773148 | H4: =GETPIVOTDATA("Pace Consistency (s)",$A$4,"Month",A4)/GETPIVOTDATA("Average pace (min/km)",$A$4,"Month",A4) -> 0.079372381 | I4: =GETPIVOTDATA("Slowest pace",$A$3,"Month",A4)-GETPIVOTDATA("Fastest pace",$A$3,"Month",A4) -> 0.0012268519
A5: December | B5: 27 | C5: 0.00020031458 | D5: 0.0044560185 | E5: 0.0037384259 | F5: 0.0041087963 | G5: {=MEDIAN(_xlfn._xlws.FILTER(PSN!I:I, PSN!F:F=A5))} -> 0.0040625 | H5: =GETPIVOTDATA("Pace Consistency (s)",$A$4,"Month",A5)/GETPIVOTDATA("Average pace (min/km)",$A$4,"Month",A5) -> 0.048752618 | I5: =GETPIVOTDATA("Slowest pace",$A$3,"Month",A5)-GETPIVOTDATA("Fastest pace",$A$3,"Month",A5) -> 0.00071759259
A6: January | B6: 22 | C6: 0.00012243284 | D6: 0.0040972222 | E6: 0.0036342593 | F6: 0.0038399621 | G6: {=MEDIAN(_xlfn._xlws.FILTER(PSN!I:I, PSN!F:F=A6))} -> 0.0038194444 | H6: =GETPIVOTDATA("Pace Consistency (s)",$A$4,"Month",A6)/GETPIVOTDATA("Average pace (min/km)",$A$4,"Month",A6) -> 0.031883868 | I6: =GETPIVOTDATA("Slowest pace",$A$3,"Month",A6)-GETPIVOTDATA("Fastest pace",$A$3,"Month",A6) -> 0.00046296296
A7: February | B7: 12 | C7: 0.00018214338 | D7: 0.0041898148 | E7: 0.0034143519 | F7: 0.0037471065 | G7: {=MEDIAN(_xlfn._xlws.FILTER(PSN!I:I, PSN!F:F=A7))} -> 0.00375 | H7: =GETPIVOTDATA("Pace Consistency (s)",$A$4,"Month",A7)/GETPIVOTDATA("Average pace (min/km)",$A$4,"Month",A7) -> 0.048609075 | I7: =GETPIVOTDATA("Slowest pace",$A$3,"Month",A7)-GETPIVOTDATA("Fastest pace",$A$3,"Month",A7) -> 0.00077546296
A8: March | B8: 19 | C8: 0.00023513636 | D8: 0.004375 | E8: 0.0033912037 | F8: 0.0038401559 | G8: {=MEDIAN(_xlfn._xlws.FILTER(PSN!I:I, PSN!F:F=A8))} -> 0.0037731481 | H8: =GETPIVOTDATA("Pace Consistency (s)",$A$4,"Month",A8)/GETPIVOTDATA("Average pace (min/km)",$A$4,"Month",A8) -> 0.061230942 | I8: =GETPIVOTDATA("Slowest pace",$A$3,"Month",A8)-GETPIVOTDATA("Fastest pace",$A$3,"Month",A8) -> 0.0009837963
A9: April | B9: 11 | C9: 0.00019945177 | D9: 0.0040972222 | E9: 0.0034259259 | F9: 0.0036595118 | G9: {=MEDIAN(_xlfn._xlws.FILTER(PSN!I:I, PSN!F:F=A9))} -> 0.0036111111 | H9: =GETPIVOTDATA("Pace Consistency (s)",$A$4,"Month",A9)/GETPIVOTDATA("Average pace (min/km)",$A$4,"Month",A9) -> 0.054502289 | I9: =GETPIVOTDATA("Slowest pace",$A$3,"Month",A9)-GETPIVOTDATA("Fastest pace",$A$3,"Month",A9) -> 0.0006712963
A10: Overall | B10: 117 | C10: 0.00026368709 | D10: 0.0049537037 | E10: 0.0033912037 | F10: 0.0039088715 | G10: =MEDIAN(PSN!I:I) -> 0.0038541667 | H10: =GETPIVOTDATA("Pace Consistency (s)",$A$4)/GETPIVOTDATA("Average pace (min/km)",$A$4) -> 0.067458623 | I10: =GETPIVOTDATA("Slowest pace",$A$3)-GETPIVOTDATA("Fastest pace",$A$3) -> 0.0015625

Sheet PSN
A1: Day | B1: date | C1: Enter_pace | D1: sec | E1: min | F1: Month | G1: 5k_pace_min/km | H1: running_average | I1: 5k_pace | J1: running_avg | K1: top_pace | L1: bot_pace | M1: median pace | N1: Column2
A2: 1 | B2: 45964 | C2: 615 | D2: =VALUE(RIGHT(C2, 2)) -> 15 | E2: =VALUE(LEFT(C2,1)) -> 6 | F2: =IF(COUNTA(B2)=1,TEXT(B2, "mmmm"), "") -> November | G2: =IF(COUNTA(C2)=1,(PSN!$E2+(PSN!$D2/60))/1440, "") -> 0.0043402778 | H2: =IF(COUNTA(C2)=1,AVERAGE($G$2:G3), "") -> 0.0042013889 | I2: =IF(COUNTA(C2)=1,((PSN!$E2)+(PSN!$D2/60))/1440, "") -> 0.0043402778 | J2: =AVERAGE($I$2:I2) -> 0.0043402778 | K2: =_xlfn.MINIFS(I:I,B:B,">="&EOMONTH(B2,-1)+1,B:B,"<="&EOMONTH(B2,0)) -> 0.0037268519 | L2: =_xlfn.MAXIFS(I:I,B:B,">="&EOMONTH(B2,-1)+1,B:B,"<="&EOMONTH(B2,0)) -> 0.0049537037 | M2: =MEDIAN(I2:I27) -> 0.0038773148
A3: 2 | B3: 45967 | C3: 551 | D3: =VALUE(RIGHT(C3, 2)) -> 51 | E3: =VALUE(LEFT(C3,1)) -> 5 | F3: =IF(COUNTA(B3)=1,TEXT(B3, "mmmm"), "") -> November | G3: =IF(COUNTA(C3)=1,(PSN!$E3+(PSN!$D3/60))/1440, "") -> 0.0040625 | H3: =IF(COUNTA(C3)=1,AVERAGE($G$2:G4), "") -> 0.0041589506 | I3: =IF(COUNTA(C3)=1,((PSN!$E3)+(PSN!$D3/60))/1440, "") -> 0.0040625 | J3: =AVERAGE($I$2:I3) -> 0.0042013889 | K3: =_xlfn.MINIFS(I:I,B:B,">="&EOMONTH(B3,-1)+1,B:B,"<="&EOMONTH(B3,0)) -> 0.0037268519 | L3: =_xlfn.MAXIFS(I:I,B:B,">="&EOMONTH(B3,-1)+1,B:B,"<="&EOMONTH(B3,0)) -> 0.0049537037 | M3: =MEDIAN(I28:I54) -> 0.0040625
A4: 3 | B4: 45968 | C4: 552 | D4: =VALUE(RIGHT(C4, 2)) -> 52 | E4: =VALUE(LEFT(C4,1)) -> 5 | F4: =IF(COUNTA(B4)=1,TEXT(B4, "mmmm"), "") -> November | G4: =IF(COUNTA(C4)=1,(PSN!$E4+(PSN!$D4/60))/1440, "") -> 0.0040740741 | H4: =IF(COUNTA(C4)=1,AVERAGE($G$2:G5), "") -> 0.0040885417 | I4: =IF(COUNTA(C4)=1,((PSN!$E4)+(PSN!$D4/60))/1440, "") -> 0.0040740741 | J4: =AVERAGE($I$2:I4) -> 0.0041589506 | K4: =_xlfn.MINIFS(I:I,B:B,">="&EOMONTH(B4,-1)+1,B:B,"<="&EOMONTH(B4,0)) -> 0.0037268519 | L4: =_xlfn.MAXIFS(I:I,B:B,">="&EOMONTH(B4,-1)+1,B:B,"<="&EOMONTH(B4,0)) -> 0.0049537037 | M4: =MEDIAN(I55:I76) -> 0.0038194444
A5: 4 | B5: 45969 | C5: 535 | D5: =VALUE(RIGHT(C5, 2)) -> 35 | E5: =VALUE(LEFT(C5,1)) -> 5 | F5: =IF(COUNTA(B5)=1,TEXT(B5, "mmmm"), "") -> November | G5: =IF(COUNTA(C5)=1,(PSN!$E5+(PSN!$D5/60))/1440, "") -> 0.0038773148 | H5: =IF(COUNTA(C5)=1,AVERAGE($G$2:G6), "") -> 0.0040578704 | I5: =IF(COUNTA(C5)=1,((PSN!$E5)+(PSN!$D5/60))/1440, "") -> 0.0038773148 | J5: =AVERAGE($I$2:I5) -> 0.0040885417 | K5: =_xlfn.MINIFS(I:I,B:B,">="&EOMONTH(B5,-1)+1,B:B,"<="&EOMONTH(B5,0)) -> 0.0037268519 | L5: =_xlfn.MAXIFS(I:I,B:B,">="&EOMONTH(B5,-1)+1,B:B,"<="&EOMONTH(B5,0)) -> 0.0049537037 | M5: =MEDIAN(I77:I88) -> 0.00375
A6: 5 | B6: 45970 | C6: 540 | D6: =VALUE(RIGHT(C6, 2)) -> 40 | E6: =VALUE(LEFT(C6,1)) -> 5 | F6: =IF(COUNTA(B6)=1,TEXT(B6, "mmmm"), "") -> November | G6: =IF(COUNTA(C6)=1,(PSN!$E6+(PSN!$D6/60))/1440, "") -> 0.0039351852 | H6: =IF(COUNTA(C6)=1,AVERAGE($G$2:G7), "") -> 0.0040933642 | I6: =IF(COUNTA(C6)=1,((PSN!$E6)+(PSN!$D6/60))/1440, "") -> 0.0039351852 | J6: =AVERAGE($I$2:I6) -> 0.0040578704 | K6: =_xlfn.MINIFS(I:I,B:B,">="&EOMONTH(B6,-1)+1,B:B,"<="&EOMONTH(B6,0)) -> 0.0037268519 | L6: =_xlfn.MAXIFS(I:I,B:B,">="&EOMONTH(B6,-1)+1,B:B,"<="&EOMONTH(B6,0)) -> 0.0049537037 | M6: =MEDIAN(I89:I107) -> 0.0037731481
A7: 6 | B7: 45971 | C7: 609 | D7: =VALUE(RIGHT(C7, 2)) -> 9 | E7: =VALUE(LEFT(C7,1)) -> 6 | F7: =IF(COUNTA(B7)=1,TEXT(B7, "mmmm"), "") -> November | G7: =IF(COUNTA(C7)=1,(PSN!$E7+(PSN!$D7/60))/1440, "") -> 0.0042708333 | H7: =IF(COUNTA(C7)=1,AVERAGE($G$2:G8), "") -> 0.0040625 | I7: =IF(COUNTA(C7)=1,((PSN!$E7)+(PSN!$D7/60))/1440, "") -> 0.0042708333 | J7: =AVERAGE($I$2:I7) -> 0.0040933642 | K7: =_xlfn.MINIFS(I:I,B:B,">="&EOMONTH(B7,-1)+1,B:B,"<="&EOMONTH(B7,0)) -> 0.0037268519 | L7: =_xlfn.MAXIFS(I:I,B:B,">="&EOMONTH(B7,-1)+1,B:B,"<="&EOMONTH(B7,0)) -> 0.0049537037 | M7: =MEDIAN(I108:I114) -> 0.0036342593
A8: 7 | B8: 45972 | C8: 535 | D8: =VALUE(RIGHT(C8, 2)) -> 35 | E8: =VALUE(LEFT(C8,1)) -> 5 | F8: =IF(COUNTA(B8)=1,TEXT(B8, "mmmm"), "") -> November | G8: =IF(COUNTA(C8)=1,(PSN!$E8+(PSN!$D8/60))/1440, "") -> 0.0038773148 | H8: =IF(COUNTA(C8)=1,AVERAGE($G$2:G9), "") -> 0.0040277778 | I8: =IF(COUNTA(C8)=1,((PSN!$E8)+(PSN!$D8/60))/1440, "") -> 0.0038773148 | J8: =AVERAGE($I$2:I8) -> 0.0040625 | K8: =_xlfn.MINIFS(I:I,B:B,">="&EOMONTH(B8,-1)+1,B:B,"<="&EOMONTH(B8,0)) -> 0.0037268519 | L8: =_xlfn.MAXIFS(I:I,B:B,">="&EOMONTH(B8,-1)+1,B:B,"<="&EOMONTH(B8,0)) -> 0.0049537037
A9: 8 | B9: 45973 | C9: 527 | D9: =VALUE(RIGHT(C9, 2)) -> 27 | E9: =VALUE(LEFT(C9,1)) -> 5 | F9: =IF(COUNTA(B9)=1,TEXT(B9, "mmmm"), "") -> November | G9: =IF(COUNTA(C9)=1,(PSN!$E9+(PSN!$D9/60))/1440, "") -> 0.0037847222 | H9: =IF(COUNTA(C9)=1,AVERAGE($G$2:G10), "") -> 0.0039943416 | I9: =IF(COUNTA(C9)=1,((PSN!$E9)+(PSN!$D9/60))/1440, "") -> 0.0037847222 | J9: =AVERAGE($I$2:I9) -> 0.0040277778 | K9: =_xlfn.MINIFS(I:I,B:B,">="&EOMONTH(B9,-1)+1,B:B,"<="&EOMONTH(B9,0)) -> 0.0037268519 | L9: =_xlfn.MAXIFS(I:I,B:B,">="&EOMONTH(B9,-1)+1,B:B,"<="&EOMONTH(B9,0)) -> 0.0049537037
A10: 9 | B10: 45974 | C10: 522 | D10: =VALUE(RIGHT(C10, 2)) -> 22 | E10: =VALUE(LEFT(C10,1)) -> 5 | F10: =IF(COUNTA(B10)=1,TEXT(B10, "mmmm"), "") -> November | G10: =IF(COUNTA(C10)=1,(PSN!$E10+(PSN!$D10/60))/1440, "") -> 0.0037268519 | H10: =IF(COUNTA(C10)=1,AVERAGE($G$2:G11), "") -> 0.0039733796 | I10: =IF(COUNTA(C10)=1,((PSN!$E10)+(PSN!$D10/60))/1440, "") -> 0.0037268519 | J10: =AVERAGE($I$2:I10) -> 0.0039943416 | K10: =_xlfn.MINIFS(I:I,B:B,">="&EOMONTH(B10,-1)+1,B:B,"<="&EOMONTH(B10,0)) -> 0.0037268519 | L10: =_xlfn.MAXIFS(I:I,B:B,">="&EOMONTH(B10,-1)+1,B:B,"<="&EOMONTH(B10,0)) -> 0.0049537037
A11: 10 | B11: 45975 | C11: 527 | D11: =VALUE(RIGHT(C11, 2)) -> 27 | E11: =VALUE(LEFT(C11,1)) -> 5 | F11: =IF(COUNTA(B11)=1,TEXT(B11, "mmmm"), "") -> November | G11: =IF(COUNTA(C11)=1,(PSN!$E11+(PSN!$D11/60))/1440, "") -> 0.0037847222 | H11: =IF(COUNTA(C11)=1,AVERAGE($G$2:G12), "") -> 0.0039593855 | I11: =IF(COUNTA(C11)=1,((PSN!$E11)+(PSN!$D11/60))/1440, "") -> 0.0037847222 | J11: =AVERAGE($I$2:I11) -> 0.0039733796 | K11: =_xlfn.MINIFS(I:I,B:B,">="&EOMONTH(B11,-1)+1,B:B,"<="&EOMONTH(B11,0)) -> 0.0037268519 | L11: =_xlfn.MAXIFS(I:I,B:B,">="&EOMONTH(B11,-1)+1,B:B,"<="&EOMONTH(B11,0)) -> 0.0049537037
A12: 11 | B12: 45976 | C12: 530 | D12: =VALUE(RIGHT(C12, 2)) -> 30 | E12: =VALUE(LEFT(C12,1)) -> 5 | F12: =IF(COUNTA(B12)=1,TEXT(B12, "mmmm"), "") -> November | G12: =IF(COUNTA(C12)=1,(PSN!$E12+(PSN!$D12/60))/1440, "") -> 0.0038194444 | H12: =IF(COUNTA(C12)=1,AVERAGE($G$2:G13), "") -> 0.0040422454 | I12: =IF(COUNTA(C12)=1,((PSN!$E12)+(PSN!$D12/60))/1440, "") -> 0.0038194444 | J12: =AVERAGE($I$2:I12) -> 0.0039593855 | K12: =_xlfn.MINIFS(I:I,B:B,">="&EOMONTH(B12,-1)+1,B:B,"<="&EOMONTH(B12,0)) -> 0.0037268519 | L12: =_xlfn.MAXIFS(I:I,B:B,">="&EOMONTH(B12,-1)+1,B:B,"<="&EOMONTH(B12,0)) -> 0.0049537037
A13: 12 | B13: 45977 | C13: 708 | D13: =VALUE(RIGHT(C13, 2)) -> 8 | E13: =VALUE(LEFT(C13,1)) -> 7 | F13: =IF(COUNTA(B13)=1,TEXT(B13, "mmmm"), "") -> November | G13: =IF(COUNTA(C13)=1,(PSN!$E13+(PSN!$D13/60))/1440, "") -> 0.0049537037 | H13: =IF(COUNTA(C13)=1,AVERAGE($G$2:G14), "") -> 0.0040224359 | I13: =IF(COUNTA(C13)=1,((PSN!$E13)+(PSN!$D13/60))/1440, "") -> 0.0049537037 | J13: =AVERAGE($I$2:I13) -> 0.0040422454 | K13: =_xlfn.MINIFS(I:I,B:B,">="&EOMONTH(B13,-1)+1,B:B,"<="&EOMONTH(B13,0)) -> 0.0037268519 | L13: =_xlfn.MAXIFS(I:I,B:B,">="&EOMONTH(B13,-1)+1,B:B,"<="&EOMONTH(B13,0)) -> 0.0049537037
A14: 13 | B14: 45978 | C14: 527 | D14: =VALUE(RIGHT(C14, 2)) -> 27 | E14: =VALUE(LEFT(C14,1)) -> 5 | F14: =IF(COUNTA(B14)=1,TEXT(B14, "mmmm"), "") -> November | G14: =IF(COUNTA(C14)=1,(PSN!$E14+(PSN!$D14/60))/1440, "") -> 0.0037847222 | H14: =IF(COUNTA(C14)=1,AVERAGE($G$2:G15), "") -> 0.0040013228 | I14: =IF(COUNTA(C14)=1,((PSN!$E14)+(PSN!$D14/60))/1440, "") -> 0.0037847222 | J14: =AVERAGE($I$2:I14) -> 0.0040224359 | K14: =_xlfn.MINIFS(I:I,B:B,">="&EOMONTH(B14,-1)+1,B:B,"<="&EOMONTH(B14,0)) -> 0.0037268519 | L14: =_xlfn.MAXIFS(I:I,B:B,">="&EOMONTH(B14,-1)+1,B:B,"<="&EOMONTH(B14,0)) -> 0.0049537037
A15: 14 | B15: 45979 | C15: 522 | D15: =VALUE(RIGHT(C15, 2)) -> 22 | E15: =VALUE(LEFT(C15,1)) -> 5 | F15: =IF(COUNTA(B15)=1,TEXT(B15, "mmmm"), "") -> November | G15: =IF(COUNTA(C15)=1,(PSN!$E15+(PSN!$D15/60))/1440, "") -> 0.0037268519 | H15: =IF(COUNTA(C15)=1,AVERAGE($G$2:G16), "") -> 0.0039907407 | I15: =IF(COUNTA(C15)=1,((PSN!$E15)+(PSN!$D15/60))/1440, "") -> 0.0037268519 | J15: =AVERAGE($I$2:I15) -> 0.0040013228 | K15: =_xlfn.MINIFS(I:I,B:B,">="&EOMONTH(B15,-1)+1,B:B,"<="&EOMONTH(B15,0)) -> 0.0037268519 | L15: =_xlfn.MAXIFS(I:I,B:B,">="&EOMONTH(B15,-1)+1,B:B,"<="&EOMONTH(B15,0)) -> 0.0049537037
A16: 15 | B16: 45980 | C16: 532 | D16: =VALUE(RIGHT(C16, 2)) -> 32 | E16: =VALUE(LEFT(C16,1)) -> 5 | F16: =IF(COUNTA(B16)=1,TEXT(B16, "mmmm"), "") -> November | G16: =IF(COUNTA(C16)=1,(PSN!$E16+(PSN!$D16/60))/1440, "") -> 0.0038425926 | H16: =IF(COUNTA(C16)=1,AVERAGE($G$2:G17), "") -> 0.0040480324 | I16: =IF(COUNTA(C16)=1,((PSN!$E16)+(PSN!$D16/60))/1440, "") -> 0.0038425926 | J16: =AVERAGE($I$2:I16) -> 0.0039907407 | K16: =_xlfn.MINIFS(I:I,B:B,">="&EOMONTH(B16,-1)+1,B:B,"<="&EOMONTH(B16,0)) -> 0.0037268519 | L16: =_xlfn.MAXIFS(I:I,B:B,">="&EOMONTH(B16,-1)+1,B:B,"<="&EOMONTH(B16,0)) -> 0.0049537037
A17: 16 | B17: 45981 | C17: 704 | D17: =VALUE(RIGHT(C17, 2)) -> 4 | E17: =VALUE(LEFT(C17,1)) -> 7 | F17: =IF(COUNTA(B17)=1,TEXT(B17, "mmmm"), "") -> November | G17: =IF(COUNTA(C17)=1,(PSN!$E17+(PSN!$D17/60))/1440, "") -> 0.0049074074 | H17: =IF(COUNTA(C17)=1,AVERAGE($G$2:G18), "") -> 0.0040379902 | I17: =IF(COUNTA(C17)=1,((PSN!$E17)+(PSN!$D17/60))/1440, "") -> 0.0049074074 | J17: =AVERAGE($I$2:I17) -> 0.0040480324 | K17: =_xlfn.MINIFS(I:I,B:B,">="&EOMONTH(B17,-1)+1,B:B,"<="&EOMONTH(B17,0)) -> 0.0037268519 | L17: =_xlfn.MAXIFS(I:I,B:B,">="&EOMONTH(B17,-1)+1,B:B,"<="&EOMONTH(B17,0)) -> 0.0049537037
A18: 17 | B18: 45982 | C18: 535 | D18: =VALUE(RIGHT(C18, 2)) -> 35 | E18: =VALUE(LEFT(C18,1)) -> 5 | F18: =IF(COUNTA(B18)=1,TEXT(B18, "mmmm"), "") -> November | G18: =IF(COUNTA(C18)=1,(PSN!$E18+(PSN!$D18/60))/1440, "") -> 0.0038773148 | H18: =IF(COUNTA(C18)=1,AVERAGE($G$2:G19), "") -> 0.0040380658 | I18: =IF(COUNTA(C18)=1,((PSN!$E18)+(PSN!$D18/60))/1440, "") -> 0.0038773148 | J18: =AVERAGE($I$2:I18) -> 0.0040379902 | K18: =_xlfn.MINIFS(I:I,B:B,">="&EOMONTH(B18,-1)+1,B:B,"<="&EOMONTH(B18,0)) -> 0.0037268519 | L18: =_xlfn.MAXIFS(I:I,B:B,">="&EOMONTH(B18,-1)+1,B:B,"<="&EOMONTH(B18,0)) -> 0.0049537037
A19: 18 | B19: 45983 | C19: 549 | D19: =VALUE(RIGHT(C19, 2)) -> 49 | E19: =VALUE(LEFT(C19,1)) -> 5 | F19: =IF(COUNTA(B19)=1,TEXT(B19, "mmmm"), "") -> November | G19: =IF(COUNTA(C19)=1,(PSN!$E19+(PSN!$D19/60))/1440, "") -> 0.0040393519 | H19: =IF(COUNTA(C19)=1,AVERAGE($G$2:G20), "") -> 0.0040253411 | I19: =IF(COUNTA(C19)=1,((PSN!$E19)+(PSN!$D19/60))/1440, "") -> 0.0040393519 | J19: =AVERAGE($I$2:I19) -> 0.0040380658 | K19: =_xlfn.MINIFS(I:I,B:B,">="&EOMONTH(B19,-1)+1,B:B,"<="&EOMONTH(B19,0)) -> 0.0037268519 | L19: =_xlfn.MAXIFS(I:I,B:B,">="&EOMONTH(B19,-1)+1,B:B,"<="&EOMONTH(B19,0)) -> 0.0049537037
... A118: 117 | B118: 46127 | C118: 456 | D118: =VALUE(RIGHT(C118, 2)) -> 56 | E118: =VALUE(LEFT(C118,1)) -> 4 | F118: =IF(COUNTA(B118)=1,TEXT(B118, "mmmm"), "") -> April | G118: =IF(COUNTA(C118)=1,(PSN!$E118+(PSN!$D118/60))/1440, "") -> 0.0034259259 | H118: =IF(COUNTA(C118)=1,AVERAGE($G$2:G119), "") -> 0.0039088715 | I118: =IF(COUNTA(C118)=1,((PSN!$E118)+(PSN!$D118/60))/1440, "") -> 0.0034259259 | J118: =AVERAGE($I$2:I118) -> 0.0039088715 | K118: =_xlfn.MINIFS(I:I,B:B,">="&EOMONTH(B118,-1)+1,B:B,"<="&EOMONTH(B118,0)) -> 0.0034259259 | L118: =_xlfn.MAXIFS(I:I,B:B,">="&EOMONTH(B118,-1)+1,B:B,"<="&EOMONTH(B118,0)) -> 0.0040972222

Sheet Graphs

Sheet Running_average_graph

Sheet PS
A1: Day | B1: date | C1: Enter_pace | D1: sec | E1: min | F1: avg min | G1: dec val | H1: min val | I1: avg sec | J1: min+sec | K1: Resid sec | L1: adj min | M1: Val Resid sec | N1: 5k avg pace | O1: 5k_running_avg Pace | P1: Month | Q1: 5k_pace_min/km
A2: 1 | B2: 45964 | C2: 615 | D2: =VALUE(RIGHT(C2, 2)) -> 15 | E2: =VALUE(LEFT(C2,1)) -> 6 | F2: =VALUE(LEFT(C2,1)) -> 6 | G2: 0 | H2: =G2*60 -> 0 | I2: =VALUE(RIGHT(C2,2)) -> 15 | J2: =H2+I2 -> 15 | K2: {=_xlfn.IFS(J2>60, J2-60, J2<60, J2, J2=60, 0)} -> 15 | L2: =IF(J2>60, 1 + VALUE(LEFT(F2,1)), VALUE(LEFT(F2,1))) -> 6 | M2: =VALUE(LEFT(K2,5)) -> 15 | N2: =IF(K2<10, CONCATENATE(L2, ":", 0, M2, " min/km"), CONCATENATE(L2, ":", M2, " min/km")) -> 6:15 min/km | O2: =IF(COUNT(C2)=1, N2, "") -> 6:15 min/km | P2: =IF(COUNTA(B2)=1,TEXT(B2, "mmmm"), "") -> November | Q2: =IF(COUNTA(C2)=1,(Table1[[#This Row],[min]]+(Table1[[#This Row],[sec]]/60))/1440, "") -> 0.0043402778
A3: 2 | B3: 45967 | C3: 551 | D3: =VALUE(RIGHT(C3, 2)) -> 51 | E3: =VALUE(LEFT(C3,1)) -> 5 | F3: =AVERAGE($E$2:E3) -> 5.5 | G3: =IF(INT(F3)=F3,0,VALUE(MID(F3,2,4))) -> 0.5 | H3: =G3*60 -> 30 | I3: =AVERAGE($D$2:D3) -> 33 | J3: =H3+I3 -> 63 | K3: {=_xlfn.IFS(J3>60, J3-60, J3<60, J3, J3=60, 0)} -> 3 | L3: =IF(J3>60, 1 + VALUE(LEFT(F3,1)), VALUE(LEFT(F3,1))) -> 6 | M3: =VALUE(LEFT(K3,5)) -> 3 | N3: =IF(K3<10, CONCATENATE(L3, ":", 0, M3, " min/km"), CONCATENATE(L3, ":", M3, " min/km")) -> 6:03 min/km | O3: =IF(COUNT(C3)=1, N3, "") -> 6:03 min/km | P3: =IF(COUNTA(B3)=1,TEXT(B3, "mmmm"), "") -> November | Q3: =IF(COUNTA(C3)=1,(Table1[[#This Row],[min]]+(Table1[[#This Row],[sec]]/60))/1440, "") -> 0.0040625
A4: 3 | B4: 45968 | C4: 552 | D4: =VALUE(RIGHT(C4, 2)) -> 52 | E4: =VALUE(LEFT(C4,1)) -> 5 | F4: =AVERAGE($E$2:E4) -> 5.3333333 | G4: =IF(INT(F4)=F4,0,VALUE(MID(F4,2,4))) -> 0.333 | H4: =G4*60 -> 19.98 | I4: =AVERAGE($D$2:D4) -> 39.333333 | J4: =H4+I4 -> 59.313333 | K4: {=_xlfn.IFS(J4>60, J4-60, J4<60, J4, J4=60, 0)} -> 59.313333 | L4: =IF(J4>60, 1 + VALUE(LEFT(F4,1)), VALUE(LEFT(F4,1))) -> 5 | M4: =VALUE(LEFT(K4,5)) -> 59.31 | N4: =IF(K4<10, CONCATENATE(L4, ":", 0, M4, " min/km"), CONCATENATE(L4, ":", M4, " min/km")) -> 5:59.31 min/km | O4: =IF(COUNT(C4)=1, N4, "") -> 5:59.31 min/km | P4: =IF(COUNTA(B4)=1,TEXT(B4, "mmmm"), "") -> November | Q4: =IF(COUNTA(C4)=1,(Table1[[#This Row],[min]]+(Table1[[#This Row],[sec]]/60))/1440, "") -> 0.0040740741
A5: 4 | B5: 45969 | C5: 535 | D5: =VALUE(RIGHT(C5, 2)) -> 35 | E5: =VALUE(LEFT(C5,1)) -> 5 | F5: =AVERAGE($E$2:E5) -> 5.25 | G5: =IF(INT(F5)=F5,0,VALUE(MID(F5,2,4))) -> 0.25 | H5: =G5*60 -> 15 | I5: =AVERAGE($D$2:D5) -> 38.25 | J5: =H5+I5 -> 53.25 | K5: {=_xlfn.IFS(J5>60, J5-60, J5<60, J5, J5=60, 0)} -> 53.25 | L5: =IF(J5>60, 1 + VALUE(LEFT(F5,1)), VALUE(LEFT(F5,1))) -> 5 | M5: =VALUE(LEFT(K5,5)) -> 53.25 | N5: =IF(K5<10, CONCATENATE(L5, ":", 0, M5, " min/km"), CONCATENATE(L5, ":", M5, " min/km")) -> 5:53.25 min/km | O5: =IF(COUNT(C5)=1, N5, "") -> 5:53.25 min/km | P5: =IF(COUNTA(B5)=1,TEXT(B5, "mmmm"), "") -> November | Q5: =IF(COUNTA(C5)=1,(Table1[[#This Row],[min]]+(Table1[[#This Row],[sec]]/60))/1440, "") -> 0.0038773148
A6: 5 | B6: 45970 | C6: 540 | D6: =VALUE(RIGHT(C6, 2)) -> 40 | E6: =VALUE(LEFT(C6,1)) -> 5 | F6: =AVERAGE($E$2:E6) -> 5.2 | G6: =IF(INT(F6)=F6,0,VALUE(MID(F6,2,4))) -> 0.2 | H6: =G6*60 -> 12 | I6: =AVERAGE($D$2:D6) -> 38.6 | J6: =H6+I6 -> 50.6 | K6: {=_xlfn.IFS(J6>60, J6-60, J6<60, J6, J6=60, 0)} -> 50.6 | L6: =IF(J6>60, 1 + VALUE(LEFT(F6,1)), VALUE(LEFT(F6,1))) -> 5 | M6: =VALUE(LEFT(K6,5)) -> 50.6 | N6: =IF(K6<10, CONCATENATE(L6, ":", 0, M6, " min/km"), CONCATENATE(L6, ":", M6, " min/km")) -> 5:50.6 min/km | O6: =IF(COUNT(C6)=1, N6, "") -> 5:50.6 min/km | P6: =IF(COUNTA(B6)=1,TEXT(B6, "mmmm"), "") -> November | Q6: =IF(COUNTA(C6)=1,(Table1[[#This Row],[min]]+(Table1[[#This Row],[sec]]/60))/1440, "") -> 0.0039351852
A7: 6 | B7: 45971 | C7: 609 | D7: =VALUE(RIGHT(C7, 2)) -> 9 | E7: =VALUE(LEFT(C7,1)) -> 6 | F7: =AVERAGE($E$2:E7) -> 5.3333333 | G7: =IF(INT(F7)=F7,0,VALUE(MID(F7,2,4))) -> 0.333 | H7: =G7*60 -> 19.98 | I7: =AVERAGE($D$2:D7) -> 33.666667 | J7: =H7+I7 -> 53.646667 | K7: {=_xlfn.IFS(J7>60, J7-60, J7<60, J7, J7=60, 0)} -> 53.646667 | L7: =IF(J7>60, 1 + VALUE(LEFT(F7,1)), VALUE(LEFT(F7,1))) -> 5 | M7: =VALUE(LEFT(K7,5)) -> 53.64 | N7: =IF(K7<10, CONCATENATE(L7, ":", 0, M7, " min/km"), CONCATENATE(L7, ":", M7, " min/km")) -> 5:53.64 min/km | O7: =IF(COUNT(C7)=1, N7, "") -> 5:53.64 min/km | P7: =IF(COUNTA(B7)=1,TEXT(B7, "mmmm"), "") -> November | Q7: =IF(COUNTA(C7)=1,(Table1[[#This Row],[min]]+(Table1[[#This Row],[sec]]/60))/1440, "") -> 0.0042708333
A8: 7 | B8: 45972 | C8: 535 | D8: =VALUE(RIGHT(C8, 2)) -> 35 | E8: =VALUE(LEFT(C8,1)) -> 5 | F8: =AVERAGE($E$2:E8) -> 5.2857143 | G8: =IF(INT(F8)=F8,0,VALUE(MID(F8,2,4))) -> 0.285 | H8: =G8*60 -> 17.1 | I8: =AVERAGE($D$2:D8) -> 33.857143 | J8: =H8+I8 -> 50.957143 | K8: {=_xlfn.IFS(J8>60, J8-60, J8<60, J8, J8=60, 0)} -> 50.957143 | L8: =IF(J8>60, 1 + VALUE(LEFT(F8,1)), VALUE(LEFT(F8,1))) -> 5 | M8: =VALUE(LEFT(K8,5)) -> 50.95 | N8: =IF(K8<10, CONCATENATE(L8, ":", 0, M8, " min/km"), CONCATENATE(L8, ":", M8, " min/km")) -> 5:50.95 min/km | O8: =IF(COUNT(C8)=1, N8, "") -> 5:50.95 min/km | P8: =IF(COUNTA(B8)=1,TEXT(B8, "mmmm"), "") -> November | Q8: =IF(COUNTA(C8)=1,(Table1[[#This Row],[min]]+(Table1[[#This Row],[sec]]/60))/1440, "") -> 0.0038773148
A9: 8 | B9: 45973 | C9: 527 | D9: =VALUE(RIGHT(C9, 2)) -> 27 | E9: =VALUE(LEFT(C9,1)) -> 5 | F9: =AVERAGE($E$2:E9) -> 5.25 | G9: =IF(INT(F9)=F9,0,VALUE(MID(F9,2,4))) -> 0.25 | H9: =G9*60 -> 15 | I9: =AVERAGE($D$2:D9) -> 33 | J9: =H9+I9 -> 48 | K9: {=_xlfn.IFS(J9>60, J9-60, J9<60, J9, J9=60, 0)} -> 48 | L9: =IF(J9>60, 1 + VALUE(LEFT(F9,1)), VALUE(LEFT(F9,1))) -> 5 | M9: =VALUE(LEFT(K9,5)) -> 48 | N9: =IF(K9<10, CONCATENATE(L9, ":", 0, M9, " min/km"), CONCATENATE(L9, ":", M9, " min/km")) -> 5:48 min/km | O9: =IF(COUNT(C9)=1, N9, "") -> 5:48 min/km | P9: =IF(COUNTA(B9)=1,TEXT(B9, "mmmm"), "") -> November | Q9: =IF(COUNTA(C9)=1,(Table1[[#This Row],[min]]+(Table1[[#This Row],[sec]]/60))/1440, "") -> 0.0037847222
A10: 9 | B10: 45974 | C10: 522 | D10: =VALUE(RIGHT(C10, 2)) -> 22 | E10: =VALUE(LEFT(C10,1)) -> 5 | F10: =AVERAGE($E$2:E10) -> 5.2222222 | G10: =IF(INT(F10)=F10,0,VALUE(MID(F10,2,4))) -> 0.222 | H10: =G10*60 -> 13.32 | I10: =AVERAGE($D$2:D10) -> 31.777778 | J10: =H10+I10 -> 45.097778 | K10: {=_xlfn.IFS(J10>60, J10-60, J10<60, J10, J10=60, 0)} -> 45.097778 | L10: =IF(J10>60, 1 + VALUE(LEFT(F10,1)), VALUE(LEFT(F10,1))) -> 5 | M10: =VALUE(LEFT(K10,5)) -> 45.09 | N10: =IF(K10<10, CONCATENATE(L10, ":", 0, M10, " min/km"), CONCATENATE(L10, ":", M10, " min/km")) -> 5:45.09 min/km | O10: =IF(COUNT(C10)=1, N10, "") -> 5:45.09 min/km | P10: =IF(COUNTA(B10)=1,TEXT(B10, "mmmm"), "") -> November | Q10: =IF(COUNTA(C10)=1,(Table1[[#This Row],[min]]+(Table1[[#This Row],[sec]]/60))/1440, "") -> 0.0037268519
A11: 10 | B11: 45975 | C11: 527 | D11: =VALUE(RIGHT(C11, 2)) -> 27 | E11: =VALUE(LEFT(C11,1)) -> 5 | F11: =AVERAGE($E$2:E11) -> 5.2 | G11: =IF(INT(F11)=F11,0,VALUE(MID(F11,2,4))) -> 0.2 | H11: =G11*60 -> 12 | I11: =AVERAGE($D$2:D11) -> 31.3 | J11: =H11+I11 -> 43.3 | K11: {=_xlfn.IFS(J11>60, J11-60, J11<60, J11, J11=60, 0)} -> 43.3 | L11: =IF(J11>60, 1 + VALUE(LEFT(F11,1)), VALUE(LEFT(F11,1))) -> 5 | M11: =VALUE(LEFT(K11,5)) -> 43.3 | N11: =IF(K11<10, CONCATENATE(L11, ":", 0, M11, " min/km"), CONCATENATE(L11, ":", M11, " min/km")) -> 5:43.3 min/km | O11: =IF(COUNT(C11)=1, N11, "") -> 5:43.3 min/km | P11: =IF(COUNTA(B11)=1,TEXT(B11, "mmmm"), "") -> November | Q11: =IF(COUNTA(C11)=1,(Table1[[#This Row],[min]]+(Table1[[#This Row],[sec]]/60))/1440, "") -> 0.0037847222
A12: 11 | B12: 45976 | C12: 530 | D12: =VALUE(RIGHT(C12, 2)) -> 30 | E12: =VALUE(LEFT(C12,1)) -> 5 | F12: =AVERAGE($E$2:E12) -> 5.1818182 | G12: =IF(INT(F12)=F12,0,VALUE(MID(F12,2,4))) -> 0.181 | H12: =G12*60 -> 10.86 | I12: =AVERAGE($D$2:D12) -> 31.181818 | J12: =H12+I12 -> 42.041818 | K12: {=_xlfn.IFS(J12>60, J12-60, J12<60, J12, J12=60, 0)} -> 42.041818 | L12: =IF(J12>60, 1 + VALUE(LEFT(F12,1)), VALUE(LEFT(F12,1))) -> 5 | M12: =VALUE(LEFT(K12,5)) -> 42.04 | N12: =IF(K12<10, CONCATENATE(L12, ":", 0, M12, " min/km"), CONCATENATE(L12, ":", M12, " min/km")) -> 5:42.04 min/km | O12: =IF(COUNT(C12)=1, N12, "") -> 5:42.04 min/km | P12: =IF(COUNTA(B12)=1,TEXT(B12, "mmmm"), "") -> November | Q12: =IF(COUNTA(C12)=1,(Table1[[#This Row],[min]]+(Table1[[#This Row],[sec]]/60))/1440, "") -> 0.0038194444
A13: 12 | B13: 45977 | C13: 708 | D13: =VALUE(RIGHT(C13, 2)) -> 8 | E13: =VALUE(LEFT(C13,1)) -> 7 | F13: =AVERAGE($E$2:E13) -> 5.3333333 | G13: =IF(INT(F13)=F13,0,VALUE(MID(F13,2,4))) -> 0.333 | H13: =G13*60 -> 19.98 | I13: =AVERAGE($D$2:D13) -> 29.25 | J13: =H13+I13 -> 49.23 | K13: {=_xlfn.IFS(J13>60, J13-60, J13<60, J13, J13=60, 0)} -> 49.23 | L13: =IF(J13>60, 1 + VALUE(LEFT(F13,1)), VALUE(LEFT(F13,1))) -> 5 | M13: =VALUE(LEFT(K13,5)) -> 49.23 | N13: =IF(K13<10, CONCATENATE(L13, ":", 0, M13, " min/km"), CONCATENATE(L13, ":", M13, " min/km")) -> 5:49.23 min/km | O13: =IF(COUNT(C13)=1, N13, "") -> 5:49.23 min/km | P13: =IF(COUNTA(B13)=1,TEXT(B13, "mmmm"), "") -> November | Q13: =IF(COUNTA(C13)=1,(Table1[[#This Row],[min]]+(Table1[[#This Row],[sec]]/60))/1440, "") -> 0.0049537037
A14: 13 | B14: 45978 | C14: 527 | D14: =VALUE(RIGHT(C14, 2)) -> 27 | E14: =VALUE(LEFT(C14,1)) -> 5 | F14: =AVERAGE($E$2:E14) -> 5.3076923 | G14: =IF(INT(F14)=F14,0,VALUE(MID(F14,2,4))) -> 0.307 | H14: =G14*60 -> 18.42 | I14: =AVERAGE($D$2:D14) -> 29.076923 | J14: =H14+I14 -> 47.496923 | K14: {=_xlfn.IFS(J14>60, J14-60, J14<60, J14, J14=60, 0)} -> 47.496923 | L14: =IF(J14>60, 1 + VALUE(LEFT(F14,1)), VALUE(LEFT(F14,1))) -> 5 | M14: =VALUE(LEFT(K14,5)) -> 47.49 | N14: =IF(K14<10, CONCATENATE(L14, ":", 0, M14, " min/km"), CONCATENATE(L14, ":", M14, " min/km")) -> 5:47.49 min/km | O14: =IF(COUNT(C14)=1, N14, "") -> 5:47.49 min/km | P14: =IF(COUNTA(B14)=1,TEXT(B14, "mmmm"), "") -> November | Q14: =IF(COUNTA(C14)=1,(Table1[[#This Row],[min]]+(Table1[[#This Row],[sec]]/60))/1440, "") -> 0.0037847222
... A118: 117 | B118: 46127 | C118: 456 | D118: =VALUE(RIGHT(C118, 2)) -> 56 | E118: =VALUE(LEFT(C118,1)) -> 4 | F118: =AVERAGE($E$2:E118) -> 5.1196581 | G118: =IF(INT(F118)=F118,0,VALUE(MID(F118,2,4))) -> 0.119 | H118: =G118*60 -> 7.14 | I118: =AVERAGE($D$2:D118) -> 30.547009 | J118: =H118+I118 -> 37.687009 | K118: {=_xlfn.IFS(J118>60, J118-60, J118<60, J118, J118=60, 0)} -> 37.687009 | L118: =IF(J118>60, 1 + VALUE(LEFT(F118,1)), VALUE(LEFT(F118,1))) -> 5 | M118: =VALUE(LEFT(K118,5)) -> 37.68 | N118: =IF(K118<10, CONCATENATE(L118, ":", 0, M118, " min/km"), CONCATENATE(L118, ":", M118, " min/km")) -> 5:37.68 min/km | O118: =IF(COUNT(C118)=1, N118, "") -> 5:37.68 min/km | P118: =IF(COUNTA(B118)=1,TEXT(B118, "mmmm"), "") -> April | Q118: =IF(COUNTA(C118)=1,(Table1[[#This Row],[min]]+(Table1[[#This Row],[sec]]/60))/1440, "") -> 0.0034259259
A119: 118 | D119: =VALUE(RIGHT(C119, 2)) -> #VALUE! | E119: =VALUE(LEFT(C119,1)) -> #VALUE! | F119: =AVERAGE($E$2:E119) -> #VALUE! | G119: =IF(INT(F119)=F119,0,VALUE(MID(F119,2,4))) -> #VALUE! | H119: =G119*60 -> #VALUE! | I119: =AVERAGE($D$2:D119) -> #VALUE! | J119: =H119+I119 -> #VALUE! | K119: {=_xlfn.IFS(J119>60, J119-60, J119<60, J119, J119=60, 0)} -> #VALUE! | L119: =IF(J119>60, 1 + VALUE(LEFT(F119,1)), VALUE(LEFT(F119,1))) -> #VALUE! | M119: =VALUE(LEFT(K119,5)) -> #VALUE! | N119: =IF(K119<10, CONCATENATE(L119, ":", 0, M119, " min/km"), CONCATENATE(L119, ":", M119, " min/km")) -> #VALUE! | O119: =IF(COUNT(C119)=1, N119, "") | P119: =IF(COUNTA(B119)=1,TEXT(B119, "mmmm"), "") | Q119: =IF(COUNTA(C119)=1,(Table1[[#This Row],[min]]+(Table1[[#This Row],[sec]]/60))/1440, "")
A120: 119 | D120: =VALUE(RIGHT(C120, 2)) -> #VALUE! | E120: =VALUE(LEFT(C120,1)) -> #VALUE! | F120: =AVERAGE($E$2:E120) -> #VALUE! | G120: =IF(INT(F120)=F120,0,VALUE(MID(F120,2,4))) -> #VALUE! | H120: =G120*60 -> #VALUE! | I120: =AVERAGE($D$2:D120) -> #VALUE! | J120: =H120+I120 -> #VALUE! | K120: {=_xlfn.IFS(J120>60, J120-60, J120<60, J120, J120=60, 0)} -> #VALUE! | L120: =IF(J120>60, 1 + VALUE(LEFT(F120,1)), VALUE(LEFT(F120,1))) -> #VALUE! | M120: =VALUE(LEFT(K120,5)) -> #VALUE! | N120: =IF(K120<10, CONCATENATE(L120, ":", 0, M120, " min/km"), CONCATENATE(L120, ":", M120, " min/km")) -> #VALUE! | O120: =IF(COUNT(C120)=1, N120, "") | P120: =IF(COUNTA(B120)=1,TEXT(B120, "mmmm"), "") | Q120: =IF(COUNTA(C120)=1,(Table1[[#This Row],[min]]+(Table1[[#This Row],[sec]]/60))/1440, "")
A121: 120 | D121: =VALUE(RIGHT(C121, 2)) -> #VALUE! | E121: =VALUE(LEFT(C121,1)) -> #VALUE! | F121: =AVERAGE($E$2:E121) -> #VALUE! | G121: =IF(INT(F121)=F121,0,VALUE(MID(F121,2,4))) -> #VALUE! | H121: =G121*60 -> #VALUE! | I121: =AVERAGE($D$2:D121) -> #VALUE! | J121: =H121+I121 -> #VALUE! | K121: {=_xlfn.IFS(J121>60, J121-60, J121<60, J121, J121=60, 0)} -> #VALUE! | L121: =IF(J121>60, 1 + VALUE(LEFT(F121,1)), VALUE(LEFT(F121,1))) -> #VALUE! | M121: =VALUE(LEFT(K121,5)) -> #VALUE! | N121: =IF(K121<10, CONCATENATE(L121, ":", 0, M121, " min/km"), CONCATENATE(L121, ":", M121, " min/km")) -> #VALUE! | O121: =IF(COUNT(C121)=1, N121, "") | P121: =IF(COUNTA(B121)=1,TEXT(B121, "mmmm"), "") | Q121: =IF(COUNTA(C121)=1,(Table1[[#This Row],[min]]+(Table1[[#This Row],[sec]]/60))/1440, "")
A122: 121 | D122: =VALUE(RIGHT(C122, 2)) -> #VALUE! | E122: =VALUE(LEFT(C122,1)) -> #VALUE! | F122: =AVERAGE($E$2:E122) -> #VALUE! | G122: =IF(INT(F122)=F122,0,VALUE(MID(F122,2,4))) -> #VALUE! | H122: =G122*60 -> #VALUE! | I122: =AVERAGE($D$2:D122) -> #VALUE! | J122: =H122+I122 -> #VALUE! | K122: {=_xlfn.IFS(J122>60, J122-60, J122<60, J122, J122=60, 0)} -> #VALUE! | L122: =IF(J122>60, 1 + VALUE(LEFT(F122,1)), VALUE(LEFT(F122,1))) -> #VALUE! | M122: =VALUE(LEFT(K122,5)) -> #VALUE! | N122: =IF(K122<10, CONCATENATE(L122, ":", 0, M122, " min/km"), CONCATENATE(L122, ":", M122, " min/km")) -> #VALUE! | O122: =IF(COUNT(C122)=1, N122, "") | P122: =IF(COUNTA(B122)=1,TEXT(B122, "mmmm"), "") | Q122: =IF(COUNTA(C122)=1,(Table1[[#This Row],[min]]+(Table1[[#This Row],[sec]]/60))/1440, "")
A123: 122 | D123: =VALUE(RIGHT(C123, 2)) -> #VALUE! | E123: =VALUE(LEFT(C123,1)) -> #VALUE! | F123: =AVERAGE($E$2:E123) -> #VALUE! | G123: =IF(INT(F123)=F123,0,VALUE(MID(F123,2,4))) -> #VALUE! | H123: =G123*60 -> #VALUE! | I123: =AVERAGE($D$2:D123) -> #VALUE! | J123: =H123+I123 -> #VALUE! | K123: {=_xlfn.IFS(J123>60, J123-60, J123<60, J123, J123=60, 0)} -> #VALUE! | L123: =IF(J123>60, 1 + VALUE(LEFT(F123,1)), VALUE(LEFT(F123,1))) -> #VALUE! | M123: =VALUE(LEFT(K123,5)) -> #VALUE! | N123: =IF(K123<10, CONCATENATE(L123, ":", 0, M123, " min/km"), CONCATENATE(L123, ":", M123, " min/km")) -> #VALUE! | O123: =IF(COUNT(C123)=1, N123, "") | P123: =IF(COUNTA(B123)=1,TEXT(B123, "mmmm"), "") | Q123: =IF(COUNTA(C123)=1,(Table1[[#This Row],[min]]+(Table1[[#This Row],[sec]]/60))/1440, "")
A124: 123 | D124: =VALUE(RIGHT(C124, 2)) -> #VALUE! | E124: =VALUE(LEFT(C124,1)) -> #VALUE! | F124: =AVERAGE($E$2:E124) -> #VALUE! | G124: =IF(INT(F124)=F124,0,VALUE(MID(F124,2,4))) -> #VALUE! | H124: =G124*60 -> #VALUE! | I124: =AVERAGE($D$2:D124) -> #VALUE! | J124: =H124+I124 -> #VALUE! | K124: {=_xlfn.IFS(J124>60, J124-60, J124<60, J124, J124=60, 0)} -> #VALUE! | L124: =IF(J124>60, 1 + VALUE(LEFT(F124,1)), VALUE(LEFT(F124,1))) -> #VALUE! | M124: =VALUE(LEFT(K124,5)) -> #VALUE! | N124: =IF(K124<10, CONCATENATE(L124, ":", 0, M124, " min/km"), CONCATENATE(L124, ":", M124, " min/km")) -> #VALUE! | O124: =IF(COUNT(C124)=1, N124, "") | P124: =IF(COUNTA(B124)=1,TEXT(B124, "mmmm"), "") | Q124: =IF(COUNTA(C124)=1,(Table1[[#This Row],[min]]+(Table1[[#This Row],[sec]]/60))/1440, "")
A125: 124 | D125: =VALUE(RIGHT(C125, 2)) -> #VALUE! | E125: =VALUE(LEFT(C125,1)) -> #VALUE! | F125: =AVERAGE($E$2:E125) -> #VALUE! | G125: =IF(INT(F125)=F125,0,VALUE(MID(F125,2,4))) -> #VALUE! | H125: =G125*60 -> #VALUE! | I125: =AVERAGE($D$2:D125) -> #VALUE! | J125: =H125+I125 -> #VALUE! | K125: {=_xlfn.IFS(J125>60, J125-60, J125<60, J125, J125=60, 0)} -> #VALUE! | L125: =IF(J125>60, 1 + VALUE(LEFT(F125,1)), VALUE(LEFT(F125,1))) -> #VALUE! | M125: =VALUE(LEFT(K125,5)) -> #VALUE! | N125: =IF(K125<10, CONCATENATE(L125, ":", 0, M125, " min/km"), CONCATENATE(L125, ":", M125, " min/km")) -> #VALUE! | O125: =IF(COUNT(C125)=1, N125, "") | P125: =IF(COUNTA(B125)=1,TEXT(B125, "mmmm"), "") | Q125: =IF(COUNTA(C125)=1,(Table1[[#This Row],[min]]+(Table1[[#This Row],[sec]]/60))/1440, "")
A126: 125 | D126: =VALUE(RIGHT(C126, 2)) -> #VALUE! | E126: =VALUE(LEFT(C126,1)) -> #VALUE! | F126: =AVERAGE($E$2:E126) -> #VALUE! | G126: =IF(INT(F126)=F126,0,VALUE(MID(F126,2,4))) -> #VALUE! | H126: =G126*60 -> #VALUE! | I126: =AVERAGE($D$2:D126) -> #VALUE! | J126: =H126+I126 -> #VALUE! | K126: {=_xlfn.IFS(J126>60, J126-60, J126<60, J126, J126=60, 0)} -> #VALUE! | L126: =IF(J126>60, 1 + VALUE(LEFT(F126,1)), VALUE(LEFT(F126,1))) -> #VALUE! | M126: =VALUE(LEFT(K126,5)) -> #VALUE! | N126: =IF(K126<10, CONCATENATE(L126, ":", 0, M126, " min/km"), CONCATENATE(L126, ":", M126, " min/km")) -> #VALUE! | O126: =IF(COUNT(C126)=1, N126, "") | P126: =IF(COUNTA(B126)=1,TEXT(B126, "mmmm"), "") | Q126: =IF(COUNTA(C126)=1,(Table1[[#This Row],[min]]+(Table1[[#This Row],[sec]]/60))/1440, "")
A127: 126 | D127: =VALUE(RIGHT(C127, 2)) -> #VALUE! | E127: =VALUE(LEFT(C127,1)) -> #VALUE! | F127: =AVERAGE($E$2:E127) -> #VALUE! | G127: =IF(INT(F127)=F127,0,VALUE(MID(F127,2,4))) -> #VALUE! | H127: =G127*60 -> #VALUE! | I127: =AVERAGE($D$2:D127) -> #VALUE! | J127: =H127+I127 -> #VALUE! | K127: {=_xlfn.IFS(J127>60, J127-60, J127<60, J127, J127=60, 0)} -> #VALUE! | L127: =IF(J127>60, 1 + VALUE(LEFT(F127,1)), VALUE(LEFT(F127,1))) -> #VALUE! | M127: =VALUE(LEFT(K127,5)) -> #VALUE! | N127: =IF(K127<10, CONCATENATE(L127, ":", 0, M127, " min/km"), CONCATENATE(L127, ":", M127, " min/km")) -> #VALUE! | O127: =IF(COUNT(C127)=1, N127, "") | P127: =IF(COUNTA(B127)=1,TEXT(B127, "mmmm"), "") | Q127: =IF(COUNTA(C127)=1,(Table1[[#This Row],[min]]+(Table1[[#This Row],[sec]]/60))/1440, "")
A128: 127 | D128: =VALUE(RIGHT(C128, 2)) -> #VALUE! | E128: =VALUE(LEFT(C128,1)) -> #VALUE! | F128: =AVERAGE($E$2:E128) -> #VALUE! | G128: =IF(INT(F128)=F128,0,VALUE(MID(F128,2,4))) -> #VALUE! | H128: =G128*60 -> #VALUE! | I128: =AVERAGE($D$2:D128) -> #VALUE! | J128: =H128+I128 -> #VALUE! | K128: {=_xlfn.IFS(J128>60, J128-60, J128<60, J128, J128=60, 0)} -> #VALUE! | L128: =IF(J128>60, 1 + VALUE(LEFT(F128,1)), VALUE(LEFT(F128,1))) -> #VALUE! | M128: =VALUE(LEFT(K128,5)) -> #VALUE! | N128: =IF(K128<10, CONCATENATE(L128, ":", 0, M128, " min/km"), CONCATENATE(L128, ":", M128, " min/km")) -> #VALUE! | O128: =IF(COUNT(C128)=1, N128, "") | P128: =IF(COUNTA(B128)=1,TEXT(B128, "mmmm"), "") | Q128: =IF(COUNTA(C128)=1,(Table1[[#This Row],[min]]+(Table1[[#This Row],[sec]]/60))/1440, "")
A129: 128 | D129: =VALUE(RIGHT(C129, 2)) -> #VALUE! | E129: =VALUE(LEFT(C129,1)) -> #VALUE! | F129: =AVERAGE($E$2:E129) -> #VALUE! | G129: =IF(INT(F129)=F129,0,VALUE(MID(F129,2,4))) -> #VALUE! | H129: =G129*60 -> #VALUE! | I129: =AVERAGE($D$2:D129) -> #VALUE! | J129: =H129+I129 -> #VALUE! | K129: {=_xlfn.IFS(J129>60, J129-60, J129<60, J129, J129=60, 0)} -> #VALUE! | L129: =IF(J129>60, 1 + VALUE(LEFT(F129,1)), VALUE(LEFT(F129,1))) -> #VALUE! | M129: =VALUE(LEFT(K129,5)) -> #VALUE! | N129: =IF(K129<10, CONCATENATE(L129, ":", 0, M129, " min/km"), CONCATENATE(L129, ":", M129, " min/km")) -> #VALUE! | O129: =IF(COUNT(C129)=1, N129, "") | P129: =IF(COUNTA(B129)=1,TEXT(B129, "mmmm"), "") | Q129: =IF(COUNTA(C129)=1,(Table1[[#This Row],[min]]+(Table1[[#This Row],[sec]]/60))/1440, "")
A130: 129 | D130: =VALUE(RIGHT(C130, 2)) -> #VALUE! | E130: =VALUE(LEFT(C130,1)) -> #VALUE! | F130: =AVERAGE($E$2:E130) -> #VALUE! | G130: =IF(INT(F130)=F130,0,VALUE(MID(F130,2,4))) -> #VALUE! | H130: =G130*60 -> #VALUE! | I130: =AVERAGE($D$2:D130) -> #VALUE! | J130: =H130+I130 -> #VALUE! | K130: {=_xlfn.IFS(J130>60, J130-60, J130<60, J130, J130=60, 0)} -> #VALUE! | L130: =IF(J130>60, 1 + VALUE(LEFT(F130,1)), VALUE(LEFT(F130,1))) -> #VALUE! | M130: =VALUE(LEFT(K130,5)) -> #VALUE! | N130: =IF(K130<10, CONCATENATE(L130, ":", 0, M130, " min/km"), CONCATENATE(L130, ":", M130, " min/km")) -> #VALUE! | O130: =IF(COUNT(C130)=1, N130, "") | P130: =IF(COUNTA(B130)=1,TEXT(B130, "mmmm"), "") | Q130: =IF(COUNTA(C130)=1,(Table1[[#This Row],[min]]+(Table1[[#This Row],[sec]]/60))/1440, "")
... A349: 348 | D349: =VALUE(RIGHT(C349, 2)) -> #VALUE! | E349: =VALUE(LEFT(C349,1)) -> #VALUE! | F349: =AVERAGE($E$2:E349) -> #VALUE! | G349: =IF(INT(F349)=F349,0,VALUE(MID(F349,2,4))) -> #VALUE! | H349: =G349*60 -> #VALUE! | I349: =AVERAGE($D$2:D349) -> #VALUE! | J349: =H349+I349 -> #VALUE! | K349: {=_xlfn.IFS(J349>60, J349-60, J349<60, J349, J349=60, 0)} -> #VALUE! | L349: =IF(J349>60, 1 + VALUE(LEFT(F349,1)), VALUE(LEFT(F349,1))) -> #VALUE! | M349: =VALUE(LEFT(K349,5)) -> #VALUE! | N349: =IF(K349<10, CONCATENATE(L349, ":", 0, M349, " min/km"), CONCATENATE(L349, ":", M349, " min/km")) -> #VALUE! | O349: =IF(COUNT(C349)=1, N349, "") | P349: =IF(COUNTA(B349)=1,TEXT(B349, "mmmm"), "") | Q349: =IF(COUNTA(C349)=1,(Table1[[#This Row],[min]]+(Table1[[#This Row],[sec]]/60))/1440, "")

Sheet Objectives
A1: # | B1: Further Analysis | D1: O
A2: 1 | B2: Monthly Analysis | C2: P
A3: 2 | B3: Highlight end of month average with colour | C3: P
A4: 3 | B4: Highlight high paces with a certain colour pattern | C4: P
A5: 4 | B5: Statistical Analysis
A6: 5 | B6: Visualization of change in, "best 5k pace" over time | C6: P
A7: 6 | B7: To check whether a pattern or possible trend relating pace with other events(identified beforehand) emerges

Sheet Monthly_Analysis
A1: Month | B1: 5k_Runs | C1: Average_5k_time | D1: s/km | E1: highest_ pace | F1: slowest_pace | G1: Average_5k_monthly | H1: monthly_average_pace_difference_MoM_s/km | I1: monthly_pace_difference_base_s/km
A2: November | B2: =COUNTIF(PS!P:P,A2) -> 26 | C2: =(SUMIF(PS!P:P, A2, PS!D:D) + (SUMIF(PS!P:P, A2, PS!E:E))*60)/(60*B2) -> 5.7455128 | D2: =(C2-VALUE(LEFT(C2,1)))*60 -> 44.730769 | E2: =_xlfn.MINIFS(PSN!K:K, PSN!F:F, A2) -> 0.0037268519 | F2: =_xlfn.MINIFS(PSN!L:L, PSN!F:F, A2) -> 0.0049537037 | G2: =Table3[[#This Row],[Average_5k_time]]/1440 -> 0.0039899395
A3: December | B3: =COUNTIF(PS!P:P,A3) -> 27 | C3: =(SUMIF(PS!P:P, A3, PS!D:D) + (SUMIF(PS!P:P, A3, PS!E:E))*60)/(60*B3) -> 5.9166667 | D3: =(C3-VALUE(LEFT(C3,1)))*60 -> 55 | E3: =_xlfn.MINIFS(PSN!K:K, PSN!F:F, A3) -> 0.0037384259 | F3: =_xlfn.MINIFS(PSN!L:L, PSN!F:F, A3) -> 0.0044560185 | G3: =Table3[[#This Row],[Average_5k_time]]/1440 -> 0.0041087963 | H3: =(C3-C2)*60 -> 10.269231 | I3: =(C3-$C$2)*60 -> 10.269231
A4: January | B4: =COUNTIF(PS!P:P,A4) -> 22 | C4: =(SUMIF(PS!P:P, A4, PS!D:D) + (SUMIF(PS!P:P, A4, PS!E:E))*60)/(60*B4) -> 5.5295455 | D4: =(C4-VALUE(LEFT(C4,1)))*60 -> 31.772727 | E4: =_xlfn.MINIFS(PSN!K:K, PSN!F:F, A4) -> 0.0036342593 | F4: =_xlfn.MINIFS(PSN!L:L, PSN!F:F, A4) -> 0.0040972222 | G4: =Table3[[#This Row],[Average_5k_time]]/1440 -> 0.0038399621 | H4: =(C4-C3)*60 -> -23.227273 | I4: =(C4-$C$2)*60 -> -12.958042
A5: February | B5: =COUNTIF(PS!P:P,A5) -> 12 | C5: =(SUMIF(PS!P:P, A5, PS!D:D) + (SUMIF(PS!P:P, A5, PS!E:E))*60)/(60*B5) -> 5.3958333 | D5: =(C5-VALUE(LEFT(C5,1)))*60 -> 23.75 | E5: =_xlfn.MINIFS(PSN!K:K, PSN!F:F, A5) -> 0.0034143519 | F5: =_xlfn.MINIFS(PSN!L:L, PSN!F:F, A5) -> 0.0041898148 | G5: =Table3[[#This Row],[Average_5k_time]]/1440 -> 0.0037471065 | H5: =(C5-C4)*60 -> -8.0227273 | I5: =(C5-$C$2)*60 -> -20.980769
A6: March | B6: =COUNTIF(PS!P:P,A6) -> 19 | C6: =(SUMIF(PS!P:P, A6, PS!D:D) + (SUMIF(PS!P:P, A6, PS!E:E))*60)/(60*B6) -> 5.5298246 | D6: =(C6-VALUE(LEFT(C6,1)))*60 -> 31.789474 | E6: =_xlfn.MINIFS(PSN!K:K, PSN!F:F, A6) -> 0.0033912037 | F6: =_xlfn.MINIFS(PSN!L:L, PSN!F:F, A6) -> 0.004375 | G6: =Table3[[#This Row],[Average_5k_time]]/1440 -> 0.0038401559 | H6: =(C6-C5)*60 -> 8.0394737 | I6: =(C6-$C$2)*60 -> -12.941296
A7: April | B7: =COUNTIF(PS!P:P,A7) -> 11 | C7: =(SUMIF(PS!P:P, A7, PS!D:D) + (SUMIF(PS!P:P, A7, PS!E:E))*60)/(60*B7) -> 5.269697 | D7: =(C7-VALUE(LEFT(C7,1)))*60 -> 16.181818 | E7: =_xlfn.MINIFS(PSN!K:K, PSN!F:F, A7) -> 0.0034259259 | F7: =_xlfn.MINIFS(PSN!L:L, PSN!F:F, A7) -> 0.0040972222 | G7: =Table3[[#This Row],[Average_5k_time]]/1440 -> 0.0036595118 | H7: =(C7-C6)*60 -> -15.607656 | I7: =(C7-$C$2)*60 -> -28.548951
A8: May
A9: June
A10: July
A11: August
A12: September
A13: October
A14: November
